{
  "ablation": {
    "Spatial only": {
      "mean": 0.7409,
      "std": 0.0142,
      "formatted": "0.7409\u00b10.0142",
      "all_aucs": [
        0.7263,
        0.7602,
        0.7361
      ],
      "mean_f1": 0.6347,
      "mean_acc": 0.6509,
      "params_m": 4.8,
      "streams": [
        1
      ],
      "use_dstg": false,
      "use_quality": false,
      "per_manip": {},
      "status": "CONFIRMED"
    },
    "SRM only": {
      "mean": 0.584,
      "std": 0.0474,
      "formatted": "0.5840\u00b10.0474",
      "all_aucs": [
        0.5193,
        0.6315,
        0.6012
      ],
      "mean_f1": 0.5514,
      "mean_acc": 0.5267,
      "params_m": 0.2,
      "streams": [
        3
      ],
      "use_dstg": false,
      "use_quality": false,
      "per_manip": {},
      "status": "CONFIRMED"
    },
    "Spectral only": {
      "mean": 0.6162,
      "std": 0.0345,
      "formatted": "0.6162\u00b10.0345",
      "all_aucs": [
        0.6386,
        0.5675,
        0.6425
      ],
      "mean_f1": 0.5097,
      "mean_acc": 0.5358,
      "params_m": 14.6,
      "streams": [
        2
      ],
      "use_dstg": false,
      "use_quality": false,
      "per_manip": {},
      "status": "CONFIRMED"
    },
    "Spatial + Spectral": {
      "mean": 0.7365,
      "std": 0.0062,
      "formatted": "0.7365\u00b10.0062",
      "all_aucs": [
        0.7372,
        0.7285,
        0.7437
      ],
      "mean_f1": 0.605,
      "mean_acc": 0.6504,
      "params_m": 19.4,
      "streams": [
        1,
        2
      ],
      "use_dstg": false,
      "use_quality": false,
      "per_manip": {},
      "status": "CONFIRMED"
    },
    "Spatial + SRM": {
      "mean": 0.7548,
      "std": 0.0076,
      "formatted": "0.7548\u00b10.0076",
      "all_aucs": [
        0.7533,
        0.7462,
        0.7648
      ],
      "mean_f1": 0.651,
      "mean_acc": 0.6678,
      "params_m": 5.0,
      "streams": [
        1,
        3
      ],
      "use_dstg": false,
      "use_quality": false,
      "per_manip": {},
      "status": "CONFIRMED"
    },
    "All streams, static fusion": {
      "mean": 0.7369207643995098,
      "std": 0.0057702794307329195,
      "formatted": "0.7369\u00b10.0058",
      "all_aucs": [
        0.7432760799632353,
        0.7293100873161765,
        0.7381761259191177
      ],
      "mean_f1": 0.6318589191118001,
      "mean_acc": 0.6691468253968255,
      "per_manip": {
        "Deepfakes": 0.838233762254902,
        "Face2Face": 0.7028431372549019,
        "FaceSwap": 0.6977282475490197,
        "NeuralTextures": 0.7088779105392157
      },
      "params_m": 19.48199,
      "streams": [
        1,
        2,
        3
      ],
      "use_dstg": false,
      "use_quality": false,
      "status": "COMPLETE"
    },
    "DSTG, no quality (Qn=1)": {
      "mean": 0.7331743068321078,
      "std": 0.009911265705786694,
      "formatted": "0.7332\u00b10.0099",
      "all_aucs": [
        0.7259214154411765,
        0.7471880744485294,
        0.7264134306066177
      ],
      "mean_f1": 0.6238205319218076,
      "mean_acc": 0.6635664682539683,
      "per_manip": {
        "Deepfakes": 0.8412105545343138,
        "Face2Face": 0.7020496323529413,
        "FaceSwap": 0.6926317401960785,
        "NeuralTextures": 0.696805300245098
      },
      "params_m": 19.813948,
      "streams": [
        1,
        2,
        3
      ],
      "use_dstg": true,
      "use_quality": false,
      "status": "COMPLETE"
    },
    "MSTF-Net v3 (full proposed)": {
      "mean": 0.7372577742034313,
      "std": 0.010062313751820566,
      "formatted": "0.7373\u00b10.0101",
      "all_aucs": [
        0.7273974609375,
        0.7510736443014706,
        0.7333022173713235
      ],
      "mean_f1": 0.6364544804221616,
      "mean_acc": 0.6635664682539683,
      "per_manip": {
        "Deepfakes": 0.8396499693627452,
        "Face2Face": 0.706017156862745,
        "FaceSwap": 0.6986278339460784,
        "NeuralTextures": 0.7047361366421568
      },
      "params_m": 19.81395,
      "streams": [
        1,
        2,
        3
      ],
      "use_dstg": true,
      "use_quality": true,
      "status": "COMPLETE"
    }
  },
  "order": [
    "Spatial only",
    "SRM only",
    "Spectral only",
    "Spatial + Spectral",
    "Spatial + SRM",
    "All streams, static fusion",
    "DSTG, no quality (Qn=1)",
    "MSTF-Net v3 (full proposed)"
  ],
  "meta": {
    "dataset": "FF++ C23",
    "split": "identity-safe",
    "seeds": [
      42,
      123,
      456
    ],
    "epochs": 10,
    "batch": 512,
    "lr": 0.0002,
    "stream3": "SRM",
    "sampler": "WeightedRandom",
    "hardware": "H200"
  }
}